City tour,Qal eh-ye,5,AFG1131
TED talk,Mariehamn,4,ALD1137
Food fest,Kruje,4,ALB1143
Cultural fest,Jijel,0,DZA1149
EDM night,Pago Pago,2,ASM1155
Food fest,Andorra,5,AND1161
Cultural fest,Mucusso,3,AGO1167
Shopping Bonanza,de Noviembre,5,ARG1173
Pool Party,Ashtarak,2,ARM1179
TED talk,Oranjestad,0,ABW1185
Food fest,Central Coast,0,AUS1191
City tour,Bregenz,3,AUT1197
Shopping Bonanza,Gadabay,4,AZE1203
City tour,Manama,2,BHR1209
Shopping Bonanza,Tangail,5,BGD1215
Jazz night,Bridgetown,0,BRB1221
TED talk,Baranavichy,0,BLR1227
q�`,Mons,4,BEL1233
Movie night,El Cayo,1,BLZ1239
Food fest,Lokossa,0,BEN1245
Movie night,Hamilton,3,BMU1251
Cultural fest,Paro,3,BTN1257
Food fest,Punata,2,BOL1263
Cultural fest,Zenica,1,BIH1269
Cultural fest,Mochudi,4,BWA1275
Cultural fest,Grajau,2,BRA1281
Pool Party,Bandar Seri Begawan,3,BRN1287
Shopping Bonanza,Lovec,1,BGR1293
Rock&Roll concert,Fada Ngourma,3,BFA1299
Food fest,Cankuzo,4,BDI1305
Food fest,Kampong Spoe,5,KHM1311
Pool Party,Buea,0,CMR1317
Jazz night,Selkirk,4,CAN1323
TED talk,Mindelo,2,CPV1329
Pool Party,George Town,4,CYM1335
EDM night,Mobaye,3,CAF1341
Shopping Bonanza,Lai,3,TCD1347
Cultural fest,Rio Verde,2,CHL1353
Jazz night,Yumen,3,CHN1359
Shopping Bonanza,Yopal,2,COL1365
Cultural fest,Moroni,5,COM1371
Cultural fest,Madingou,4,COG1377
EDM night,Buluko,2,COD1383
Cultural fest,Rarotonga,2,COK1389
Cultural fest,Heredia,4,CRI1395
Movie night,Sibenik,3,HRV1401
City tour,Ciego de Avila,1,CUB1407
Movie night,Willemstad,4,CUW1413
Pool Party,Larnaka,0,CYP1419
Cultural fest,Usti Nad Labem,5,CZE1425
Movie night,Vejle,5,DNK1431
City tour,Dikhil,0,DJI1437
Rock&Roll concert,Roseau,0,DMA1443
Food fest,Sabaneta,2,DOM1449
Movie night,Dili,0,TLS1455
Cultural fest,Puyo,5,ECU1461
Food fest,Shibin el Kom,4,EGY1467
Rock&Roll concert,Ahuachapan,3,SLV1473
Pool Party,Evinayong,3,GNQ1479
Movie night,Tessenei,0,ERI1485
Shopping Bonanza,Haapsalu,0,EST1491
TED talk,Awasa,0,ETH1497
Pool Party,Fox Bay,5,FLK1503
Cultural fest,Klaksvik,4,FRO1509
Cultural fest,Palikir,4,FSM1515
Movie night,Nandi,4,FJI1521
EDM night,Hameenlinna,4,FIN1527
Food fest,Annecy,4,FRA1533
}�`,Papeete,5,PYF1539
Rock&Roll concert,Ebebiyin,3,GAB1545
Jazz night,Kutaisi,5,GEO1551
Rock&Roll concert,Mainz,3,DEU1557
Food fest,Sunyani,5,GHA1563
EDM night,Gibraltar,2,GBR1569
p�`,Lamia,0,GRC1575
TED talk,Qasigiannguit,4,GRD1581
Shopping Bonanza,Saint George's,4,GRE1587
EDM night,Agana,2,GUM1593
TED talk,Salama,5,GUA1599
Food fest,Mali,5,GUI1605
City tour,Cacheu,5,GUB1611
Pool Party,Corriverton,5,GUY1617
n�`,Jeremie,3,HAI1623
Food fest,Yoro,3,HON1629
Cultural fest,Hong Kong,2,HKG1635
Shopping Bonanza,Veszprem,2,HUN1641
Jazz night,Borgarnes,4,ICE1647
TED talk,Panaji,3,IND1653
Jazz night,Binjai,3,INA1659
Rock&Roll concert,Yasuj,4,IRN1665
TED talk,Dahuk,0,IRQ1671
TED talk,Ros Comain,1,IRL1677
Food fest,Douglas,2,ISM1683
Pool Party,Ramla,2,ISR1689
p�`,Potenza,5,ITA1695
s�`,Touba,1,IVC1701
City tour,Lucea,1,JAM1707
TED talk,Okayama,3,JPN1713
o�`,Al Mafraq,5,JOR1719
q�`,Turgay,4,KZH1725
TED talk,Nyeri,2,KEY1731
Movie night,Tarawa,3,KIR1737
City tour,Prizren,5,KOS1743
City tour,Hawalli,2,KUW1749
Shopping Bonanza,Tokmak,3,KYG1755
TED talk,Ban Houayxay,4,LAO1761
Pool Party,Rezekne,5,LAT1767
Food fest,B'abda,2,LEB1773
Cultural fest,Teyateyaneng,1,LES1779
Jazz night,Barclayville,3,LIB1785
TED talk,Dirj,3,LBY1791
s�`,Vaduz,5,LIE1797
EDM night,Panevezys,0,LIT1803
Cultural fest,Diekirch,0,LXB1809
t�`,Macau,2,MAU1815
Pool Party,Tetovo,5,MAC1821
TED talk,Sambava,2,MAD1827
Pool Party,Mzimba,1,MAW1833
EDM night,Kangar,0,MYL1839
Pool Party,Male,4,MDL1845
m�`,Goundam,5,MAL1851
Food fest,Valletta,5,MAA1857
Cultural fest,Majuro,5,MAI1863
Movie night,Fderik,4,MAN1869
Cultural fest,Curepipe,3,MAU1875
z�`,Vicente Guerrero,0,MEX1881
Shopping Bonanza,Dubasari,3,MOD1887
Rock&Roll concert,Monaco,2,MOC1893
Shopping Bonanza,Suchboatar,2,MON1899
x�`,Podgorica,5,MOG1905
Movie night,Ksar El Kebir,0,MOR1911
Food fest,Moatize,0,MOZ1917
Jazz night,Loikaw,0,MYN1923
Movie night,Omaruru,3,NMB1929
Rock&Roll concert,Sallyan,5,NEP1935
Movie night,Assen,0,NTR1941
Food fest,Noumea,5,NCA1947
Movie night,Greymouth,2,NZL1953
Movie night,Somoto,2,NCG1959
Movie night,Goure,1,NGR1965
City tour,Umuahia,0,NIG1971
Pool Party,Sariwon,3,PRK1977
TED talk,Kyrenia,1,NCY1983
City tour,Capitol Hill,1,NMI1989
Movie night,Arendal,1,NRW1995
Shopping Bonanza,Alayat Samail,4,OMN2001
Shopping Bonanza,Parachinar,3,PAK2007
TED talk,Koror,2,PAU2013
Rock&Roll concert,Ramallah,0,PAT2019
Pool Party,El Porvenir,5,PAN2025
Rock&Roll concert,Wabag,3,PNG2031
Pool Party,Mariscal Jose F. Estigarribia,0,PRG2037
City tour,Ferrenafe,1,PER2043
Jazz night,San Carlos,1,PHP2049
Cultural fest,Olsztyn,2,POL2055
Cultural fest,Aveiro,0,PTR2061
Movie night,Ponce,3,PRO2067
Jazz night,Doha,3,QTR2073
t�`,Targu Jiu,4,ROM2079
Rock&Roll concert,Nazran,1,RUS2085
t�`,Gikongoro,1,RWN2091
Rock&Roll concert,Basseterre,1,SKN2097
Shopping Bonanza,Castries,5,SLU2103
City tour,Apia,4,SAM2109
Cultural fest,San Marino,1,SMA2115
Jazz night,Santo Antonio,4,STP2121
Pool Party,An Nabk,0,SAU2127
City tour,Fatick,1,SEN2133
p�`,Subotica,1,SER2139
Rock&Roll concert,Victoria,5,SYC2145
EDM night,Makeni,1,SLE2151
Rock&Roll concert,Singapore,1,SGP2157
}�`,Banska Bystrica,2,SLO2163
Shopping Bonanza,Maribor,5,SLO2169
EDM night,Gizo,0,SOS2175
Food fest,Xuddur,4,SOM2181
Food fest,Laascaanood,4,SOI2187
City tour,Qacha's Nek,4,ZSA2193
City tour,Grytviken,2,SGI2199
EDM night,Eumseong,1,KOR2205
Jazz night,Bentiu,2,SSU2211
City tour,Merida,2,ESP2217
w�`,Trincomalee,5,SRL2223
Jazz night,Ed Damazin,3,SUD2229
Cultural fest,Onverwacht,2,SUR2235
Food fest,Piggs Peak,2,SWZ2241
Movie night,Falun,3,SWE2247
City tour,Delemont,3,SWI2253
City tour,Dar'a,2,SYR2259
EDM night,Bade,2,TWN2265
t�`,Leninobod,5,TAJ2271
Shopping Bonanza,Wete,5,TAN2277
Cultural fest,Mae Hong Son,1,THA2283
Rock&Roll concert,Freeport,4,BAH2289
City tour,Georgetown,0,GAM2295
City tour,Bassar,2,TOG2301
Food fest,Neiafu,5,TOG2307
City tour,San Fernando,2,TAT2313
Food fest,Medemine,1,TUN2319
Cultural fest,Kirklareli,5,TUR2325
City tour,Gyzlarbat,2,TKM2331
Pool Party,Grand Turk,4,TCI2337
o�`,Funafuti,5,TVL2343
Rock&Roll concert,Kalangala,2,UGN2349
City tour,Mykolayiv,1,UKR2355
Shopping Bonanza,Umm al Qaywayn,1,UAE2361
Jazz night,Greenock,3,GRB2367
Pool Party,Faribault,4,UVG2373
EDM night,Washington D.C.,2,URG2379
Movie night,Christiansted,3,UZB2385
Cultural fest,Colonia del Sacramento,0,VNT2391
Movie night,Khujayli,5,VAT2397
u�`,Luganville,5,VEN2403
Rock&Roll concert,Vatican City,4,VNM2409
Food fest,San Carlos,2,WSA2415
Food fest,Tay Ninh,4,YMN2421
Pool Party,Bir Lehlou,2,ZMB2427
Shopping Bonanza,Al Bayda,2,ZMV2433
Pool Party,Kawambwa,4,GUI2439
Movie night,Mazowe,5,GUI2445
p�`,Beyla,2,GUI2451
TED talk,Gueckedou,5,GUI2457
Pool Party,Dinguiraye,4,GUI2463
City tour,Dabola,2,GUI2469
Rock&Roll concert,Kerouane,0,GUI2475
Jazz night,Siguiri,1,GUI2481
Rock&Roll concert,Mamou,4,GUI2487
TED talk,Kamsar,4,GUI2493
Jazz night,Fria,2,GUI2499
Pool Party,Macenta,3,GUI2505
Pool Party,Yomou,2,GUI2511
Shopping Bonanza,Faranah,0,GUI2517
u�`,Kissidougou,4,GUI2523
Shopping Bonanza,Labe,3,GUI2529
Food fest,Boke,0,GUI2535
EDM night,Kindia,5,GUI2541
Shopping Bonanza,Kankan,5,GUI2547
Shopping Bonanza,Nzerekore,5,GUB2553
TED talk,Conakry,0,GUB2559
Pool Party,Cacheu,3,GUB2565
Shopping Bonanza,Farim,4,GUB2571
City tour,Fulacunda,1,GUB2577
TED talk,Gabu,2,GUB2583
Food fest,Catio,1,GUB2589
City tour,Bolama,2,GUB2595
Jazz night,Bafata,2,GUY2601
Cultural fest,Bissau,4,GUY2607
Jazz night,Corriverton,2,GUY2613
City tour,Ituni,1,GUY2619
TED talk,Lethem,5,GUY2625
m�`,Kumaka,4,GUY2631
TED talk,Bartica,4,GUY2637
Pool Party,Anna Regina,4,GUY2643
Movie night,Linden,3,GUY2649
TED talk,Mabaruma,5,GUY2655
Rock&Roll concert,New Amsterdam,4,HAI2661
Jazz night,Georgetown,2,HAI2667
Movie night,Jeremie,1,HAI2673
EDM night,Port-De-Paix,1,HAI2679
Shopping Bonanza,Hinche,5,HAI2685
EDM night,Fort-Liberte,1,HAI2691
Cultural fest,Jacmel,4,HAI2697
Cultural fest,Les Cayes,5,HAI2703
Movie night,Gonaives,0,HAI2709
u�`,Cap-Haitien,1,HON2715
Movie night,Port-au-Prince,4,HON2721
City tour,Yoro,2,HON2727
TED talk,La Esperanza,2,HON2733
Movie night,La Paz,1,HON2739
EDM night,Santa Barbara,2,HON2745
Shopping Bonanza,Gracias,0,HON2751
Jazz night,Nueva Ocotepeque,0,HON2757
EDM night,Yuscaran,0,HON2763
Pool Party,Roatan,0,HON2769
TED talk,Nacaome,4,HON2775
Rock&Roll concert,Santa Rosa de Copan,4,HON2781
Jazz night,Trujillo,1,HON2787
City tour,Brus Laguna,2,HON2793
TED talk,Puerto Lempira,3,HON2799
EDM night,Juticalpa,1,HON2805
Rock&Roll concert,Comayagua,3,HON2811
u�`,Choluteca,3,HON2817
Movie night,La Ceiba,2,HON2823
Cultural fest,San Pedro Sula,2,HKG2829
EDM night,Tegucigalpa,0,HUN2835
Jazz night,Hong Kong,5,HUN2841
Pool Party,Veszprem,3,HUN2847
Food fest,Zalaegerszeg,5,HUN2853
Pool Party,Tatabanya,4,HUN2859
u�`,Szekszard,5,HUN2865
City tour,Salgotarjan,0,HUN2871
TED talk,Bekescsaba,4,HUN2877
n�`,Eger,4,HUN2883
Food fest,Szombathely,5,HUN2889
Movie night,Kecskemet,5,HUN2895
Rock&Roll concert,Szekesfehervar,5,HUN2901
TED talk,Nyiregyhaza,1,HUN2907
Jazz night,Pecs,0,HUN2913
Rock&Roll concert,Gyor,2,HUN2919
EDM night,Kaposvar,2,HUN2925
Cultural fest,Vac,1,HUN2931
Movie night,Miskolc,3,HUN2937
TED talk,Szeged,5,HUN2943
TED talk,Debrecen,2,HUN2949
TED talk,Szolnok,2,ICE2955
Pool Party,Budapest,1,ICE2961
Jazz night,Borgarnes,4,ICE2967
Movie night,Egilsstadir,3,ICE2973
Cultural fest,Saudarkrokur,2,ICE2979
TED talk,Selfoss,2,ICE2985
EDM night,Hofn,1,ICE2991
EDM night,Isafjordur,1,ICE2997
s�`,Akureyi,0,ICE3003
City tour,Keflavik,0,IND3009
Pool Party,Reykjavik,3,IND3015
Rock&Roll concert,Panaji,3,IND3021
City tour,Simla,2,IND3027
EDM night,Gurgaon,1,IND3033
City tour,Sonipat,2,IND3039
Pool Party,Rohtak,5,IND3045
Movie night,Hisar,1,IND3051
City tour,Bhiwani,1,IND3057
Shopping Bonanza,Ambala,2,IND3063
Pool Party,Sopur,4,IND3069
Cultural fest,Silvassa,4,IND3075
Food fest,Kalyan,5,IND3081
Jazz night,Bhusawal,5,IND3087
TED talk,Jorhat,4,IND3093
City tour,Hoshiarpur,4,IND3099
Cultural fest,Ajmer,3,IND3105
City tour,Hathras,1,IND3111
Movie night,Sitapur,0,IND3117
Shopping Bonanza,Pilibhit,4,IND3123
Rock&Roll concert,Budaun,2,IND3129
Cultural fest,Firozabad,5,IND3135
Cultural fest,Mathura,3,IND3141
City tour,Bulandshahr,1,IND3147
Jazz night,Hapur,1,IND3153
Movie night,Muzaffarnagar,4,IND3159
q�`,Gangtok,3,IND3165
Movie night,Diu,0,IND3171
City tour,Pathankot,1,IND3177
n�`,Sirsa,3,IND3183
Movie night,Panipat,4,IND3189
Cultural fest,Karnal,2,IND3195
TED talk,Baramula,5,IND3201
City tour,Proddatur,1,IND3207
Food fest,Nandyal,4,IND3213
Food fest,Hindupur,3,IND3219
Shopping Bonanza,Tirupati,3,IND3225
City tour,Ongole,4,IND3231
w�`,Vizianagaram,4,IND3237
u�`,Rajahmundry,0,IND3243
r�`,Machilipatnam,4,IND3249
Shopping Bonanza,Khammam,3,IND3255
Rock&Roll concert,Chirala,5,IND3261
Jazz night,Karimnagar,1,IND3267
City tour,Nizamabad,5,IND3273
EDM night,Kollam,1,IND3279
Rock&Roll concert,Alappuzha,0,IND3285
TED talk,Puri,0,IND3291
Food fest,Sambalpur,3,IND3297
EDM night,Raurkela,2,IND3303
Shopping Bonanza,Kavaratti,4,IND3309
Jazz night,Mandya,5,IND3315
Pool Party,Kolar,3,IND3321
Shopping Bonanza,Shimoga,4,IND3327
Rock&Roll concert,Raichur,3,IND3333
q�`,Hospet,4,IND3339
EDM night,Bidar,2,IND3345
Rock&Roll concert,Sangli,5,IND3351
Food fest,Parbhani,2,IND3357
EDM night,Malegaon,0,IND3363
TED talk,Port Blair,4,IND3369
Cultural fest,Tezpur,5,IND3375
City tour,Silchar,2,IND3381
Cultural fest,Kohima,0,IND3387
Jazz night,Shillong,2,IND3393
Movie night,Abohar,0,IND3399
TED talk,Patiala,3,IND3405
EDM night,Bhilwara,4,IND3411
Movie night,Pali,1,IND3417
Pool Party,Tonk,3,IND3423
Pool Party,Sikar,3,IND3429
Jazz night,Bikaner,5,IND3435
Shopping Bonanza,Bharatpur,5,IND3441
EDM night,Alwar,3,IND3447
Shopping Bonanza,Fatehpur,3,IND3453
Pool Party,Faizabad,0,IND3459
Shopping Bonanza,Bahraich,1,IND3465
Jazz night,Mirzapur,3,IND3471
Rock&Roll concert,Jhansi,1,IND3477
Movie night,Shahjahanpur,2,IND3483
Pool Party,Rampur,2,IND3489
Jazz night,Bareilly,0,IND3495
EDM night,Etawah,2,IND3501
Rock&Roll concert,Dehra Dun,0,IND3507
Food fest,Haora,3,
Jazz night,Alipur Duar,0,
